,title,artist/s,danceability,key,loudness,speechiness,liveness,valence,tempo,duration_ms,music_label,artist_collab,chart_history,mean_trends,stream1,stream2,stream3,stream4,stream5,stream6,stream7,stream8,stream9,song_familiarity,artist_familiarity,bad_good,distasteful_tasty,dull_exciting,tasteless_tasteful,unimaginative_creative,untalented_talented,unpleasant_pleasant,forgettable_memorable,boring_interesting,listen_similar,share_friends,add_playlist,stream_category
3,Here With Me,d4vd,0.574,4.0,-8.209,0.0254,0.128,0.288,132.023,242485.0,5,0,21.0,32.403225806451616,10,10,10,10,10,10,10,10,10,5.7,4.7,6.15,5.75,4.7,5.5,5.85,6.1,6.05,5.85,5.75,5.45,5.0,5.0,10
7,Unholy (feat. Kim Petras),"Sam Smith, Kim Petras",0.714,2.0,-7.375,0.0864,0.266,0.238,131.121,156943.0,5,1,72.0,33.61290322580645,9,9,9,9,9,10,9,9,9,3.95,4.6,5.75,5.75,5.05,5.75,5.45,6.05,6.0,4.8,4.9,4.95,4.35,4.3,9
14,Die For You,The Weeknd,0.582,1.0,-7.163,0.0627,0.134,0.51,133.249,260253.0,5,0,72.0,39.14516129032258,9,9,9,9,9,10,10,10,10,3.55,2.15,4.15,4.05,4.35,4.3,4.2,4.75,4.25,4.15,4.15,3.45,3.0,2.9,10
15,As It Was,Harry Styles,0.52,6.0,-5.338,0.0557,0.311,0.662,173.93,167303.0,5,0,72.0,16.870967741935484,9,9,9,9,9,9,9,9,9,4.35,2.1,5.2,5.15,4.2,5.15,4.7,5.25,5.9,5.55,4.9,5.05,4.45,4.85,9
17,Jopay,Mayonnaise,0.348,6.0,-6.425,0.0314,0.0959,0.301,137.619,270594.0,5,0,50.0,18.225806451612904,9,9,9,9,9,9,9,9,8,4.05,3.5,4.9,4.9,5.8,5.2,5.4,5.5,5.1,5.65,5.25,4.2,3.75,3.5,7
18,Die For You,Joji,0.472,8.0,-7.379,0.051,0.289,0.154,147.805,211667.0,5,0,72.0,33.483870967741936,9,9,9,9,9,8,7,7,7,6.0,5.2,5.5,5.3,4.75,5.2,4.85,5.7,5.85,5.7,5.05,4.95,4.6,4.6,7
34,Glimpse of Us,Joji,0.44,8.0,-9.258,0.0531,0.141,0.268,169.914,233456.0,5,0,72.0,33.483870967741936,9,9,9,9,8,8,7,7,6,5.0,6.2,5.95,5.9,5.05,5.85,5.45,6.0,5.95,5.2,5.5,5.55,4.6,4.6,6
